{"cameraMode":{"drawMode":0,"name":"Shaded","section":"Shading Mode"},"sceneLighting":true,"audioPlay":false,"sceneViewState":{"m_AlwaysRefresh":false,"showFog":true,"showSkybox":true,"showFlares":true,"showImageEffects":true,"showParticleSystems":true,"showVisualEffectGraphs":true,"m_FxEnabled":true},"in2DMode":false,"pivot":{"x":-0.030843913555145265,"y":-3.3774096965789797,"z":-1.1916207075119019},"rotation":{"x":0.18638759851455689,"y":-0.012970858253538609,"z":0.0024631365668028595,"w":0.9823899269104004},"size":6.972598552703857,"orthographic":false}