{"cameraMode":{"drawMode":0,"name":"Shaded","section":"Shading Mode"},"sceneLighting":true,"audioPlay":false,"sceneViewState":{"m_AlwaysRefresh":false,"showFog":true,"showSkybox":true,"showFlares":true,"showImageEffects":true,"showParticleSystems":true,"showVisualEffectGraphs":true,"m_FxEnabled":true},"in2DMode":false,"pivot":{"x":3.280348062515259,"y":-1.0912277698516846,"z":20.832815170288087},"rotation":{"x":0.147311732172966,"y":0.0252189040184021,"z":-0.003757262136787176,"w":0.9887612462043762},"size":31.518354415893556,"orthographic":false}