{"cameraMode":{"drawMode":0,"name":"Shaded","section":"Shading Mode"},"sceneLighting":true,"audioPlay":false,"sceneViewState":{"m_AlwaysRefresh":false,"showFog":true,"showSkybox":true,"showFlares":true,"showImageEffects":true,"showParticleSystems":true,"showVisualEffectGraphs":true,"m_FxEnabled":true},"in2DMode":false,"pivot":{"x":445.0628967285156,"y":248.87588500976563,"z":-37.271827697753909},"rotation":{"x":0.0059998962096869949,"y":0.0044999015517532829,"z":-0.000026998248358722776,"w":0.9999717473983765},"size":237.2101593017578,"orthographic":false}