{"cameraMode":{"drawMode":0,"name":"Shaded","section":"Shading Mode"},"sceneLighting":true,"audioPlay":false,"sceneViewState":{"m_AlwaysRefresh":false,"showFog":true,"showSkybox":true,"showFlares":true,"showImageEffects":true,"showParticleSystems":true,"showVisualEffectGraphs":true,"m_FxEnabled":true},"in2DMode":false,"pivot":{"x":0.15333054959774018,"y":-1.8090217113494874,"z":-6.53773832321167},"rotation":{"x":0.08539370447397232,"y":0.006577824242413044,"z":-0.000563761277589947,"w":0.9963260889053345},"size":7.910556316375732,"orthographic":false}