{"cameraMode":{"drawMode":0,"name":"Shaded","section":"Shading Mode"},"sceneLighting":true,"audioPlay":false,"sceneViewState":{"m_AlwaysRefresh":false,"showFog":true,"showSkybox":true,"showFlares":true,"showImageEffects":true,"showParticleSystems":true,"showVisualEffectGraphs":true,"m_FxEnabled":true},"in2DMode":false,"pivot":{"x":-2.9034109115600588,"y":0.016475507989525796,"z":-12.94653034210205},"rotation":{"x":-0.09440731257200241,"y":0.6445991396903992,"z":-0.08067040145397186,"w":-0.7543690800666809},"size":3.2297182083129885,"orthographic":false}