{"cameraMode":{"drawMode":0,"name":"Shaded","section":"Shading Mode"},"sceneLighting":true,"audioPlay":false,"sceneViewState":{"m_AlwaysRefresh":false,"showFog":true,"showSkybox":true,"showFlares":true,"showImageEffects":true,"showParticleSystems":true,"showVisualEffectGraphs":true,"m_FxEnabled":true},"in2DMode":false,"pivot":{"x":0.4430149495601654,"y":-7.643815994262695,"z":-1.2142393589019776},"rotation":{"x":-0.26074522733688357,"y":0.03763018175959587,"z":-0.010171761736273766,"w":-0.964620053768158},"size":31.236825942993165,"orthographic":false}