{"cameraMode":{"drawMode":0,"name":"Shaded","section":"Shading Mode"},"sceneLighting":true,"audioPlay":false,"sceneViewState":{"m_AlwaysRefresh":false,"showFog":true,"showSkybox":true,"showFlares":true,"showImageEffects":true,"showParticleSystems":true,"showVisualEffectGraphs":true,"m_FxEnabled":true},"in2DMode":false,"pivot":{"x":-0.25568926334381106,"y":1.249204397201538,"z":-19.916337966918947},"rotation":{"x":-0.12103117257356644,"y":0.4707740843296051,"z":-0.06538285315036774,"w":-0.8714656829833984},"size":4.840875625610352,"orthographic":false}