{"cameraMode":{"drawMode":0,"name":"Shaded","section":"Shading Mode"},"sceneLighting":true,"audioPlay":false,"sceneViewState":{"m_AlwaysRefresh":false,"showFog":true,"showSkybox":true,"showFlares":true,"showImageEffects":true,"showParticleSystems":true,"showVisualEffectGraphs":true,"m_FxEnabled":true},"in2DMode":false,"pivot":{"x":-48.929439544677737,"y":39.19363784790039,"z":-40.902870178222659},"rotation":{"x":-0.34700456261634829,"y":-0.08229093998670578,"z":0.030581407248973848,"w":-0.9337460398674011},"size":0.11789112538099289,"orthographic":false}